filename,left,right
ln1-000.png,3,3
ln1-001.png,1,1
ln1-002.png,1,1
ln1-003.png,1,1
ln1-004.png,1,1
ln1-005.png,1,1
ln1-006.png,1,1
ln1-007.png,1,1
ln1-008.png,1,1
ln1-009.png,2,2
ln1-010.png,2,2
ln1-011.png,3,2
ln1-012.png,3,2
ln1-013.png,2,2
ln1-014.png,3,2
ln1-015.png,3,2
ln1-016.png,3,2
ln1-017.png,3,3
ln1-018.png,3,3
ln1-019.png,3,3
ln1-020.png,3,3
ln1-021.png,3,3
ln1-022.png,3,3
ln1-023.png,3,3
ln2-024.png,0,0
ln2-025.png,0,0
ln2-026.png,0,0
ln2-027.png,0,0
ln2-028.png,0,0
ln2-029.png,0,0
ln2-030.png,0,0
ln2-031.png,0,0
ln2-032.png,0,0
ln2-033.png,0,0
ln2-034.png,0,0
ln2-035.png,0,0
ln2-036.png,0,0
ln2-037.png,0,0
ln2-038.png,0,0
ln2-039.png,0,0
ln2-040.png,0,0
ln2-041.png,0,0
ln2-042.png,0,0
ln2-043.png,0,0
ln2-044.png,0,0
ln2-045.png,0,0
ln2-046.png,0,0
ln2-047.png,0,0
ln2-048.png,0,0
ln2-049.png,0,0
ln2-050.png,0,0
ln2-051.png,0,0
ln2-052.png,0,0
ln2-053.png,0,0
ln3-054.png,3,3
ln3-055.png,3,3
ln3-056.png,3,3
ln3-057.png,3,3
ln3-058.png,3,3
ln3-059.png,3,3
ln3-060.png,3,3
ln3-061.png,3,3
ln3-062.png,3,3
ln3-063.png,3,3
ln3-064.png,3,3
ln3-065.png,3,3
ln3-066.png,3,3
ln3-067.png,3,3
ln3-068.png,3,3
ln3-069.png,3,3
ln3-070.png,2,3
ln3-071.png,2,2
ln3-072.png,2,2
ln3-073.png,2,2
ln3-074.png,2,2
ln3-075.png,2,2
ln3-076.png,2,2
ln3-077.png,2,2
ln4-078.png,4,4
ln4-079.png,4,4
ln4-080.png,4,4
ln4-081.png,4,4
ln4-082.png,4,4
ln4-083.png,4,4
ln4-084.png,4,4
ln4-085.png,4,4
ln4-086.png,4,4
ln4-087.png,4,4
ln4-088.png,4,4
ln4-089.png,4,4
ln4-090.png,4,4
ln4-091.png,4,4
ln4-092.png,4,4
ln4-093.png,4,4
ln4-094.png,4,4
ln4-095.png,4,4
ln4-096.png,4,4
ln4-097.png,4,4
ln4-098.png,4,4
ln4-099.png,4,4
ln4-100.png,4,4
ln4-101.png,4,4
ln4-102.png,4,4
ln4-103.png,4,4
ln4-104.png,4,4
ln4-105.png,4,4
ln4-106.png,3,4
ln4-107.png,3,4
ln4-108.png,3,4
ln4-109.png,3,4
ln4-110.png,3,4
ln4-111.png,3,4
ln4-112.png,3,4
ln4-113.png,3,4
ln4-114.png,3,4
ln4-115.png,3,4
ln4-116.png,3,4
ln4-117.png,3,3
ln4-118.png,3,3
ln4-119.png,3,3
ln4-120.png,3,3
ln4-121.png,3,3
ln4-122.png,4,4
ln4-123.png,4,4
ln4-124.png,4,4
ln4-125.png,4,4
ln4-126.png,4,4
ln4-127.png,4,4
ln4-128.png,4,3
ln5-129.png,1,1
ln5-130.png,1,1
ln5-131.png,1,1
ln5-132.png,1,1
ln5-133.png,1,1
ln5-134.png,1,1
ln5-135.png,2,1
ln5-136.png,2,1
ln5-137.png,1,1
ln5-138.png,1,1
ln5-139.png,2,1
ln5-140.png,2,1
ln5-141.png,2,2
ln5-142.png,2,2
ln5-143.png,2,2
ln5-144.png,2,2
ln5-145.png,2,2
ln5-146.png,1,2
ln5-147.png,2,2
ln5-148.png,2,2
ln5-149.png,2,2
ln5-150.png,2,2
ln5-151.png,2,2
ln5-152.png,2,2
ln5-153.png,1,2
ln5-154.png,1,2
ln5-155.png,1,2
ln5-156.png,1,2
ln5-157.png,1,2
ln5-158.png,1,1
ln5-159.png,1,1
ln5-160.png,1,1
ln5-161.png,1,2
ln5-162.png,1,2
ln5-163.png,1,2
ln5-164.png,1,2
ln5-165.png,1,2
ln5-166.png,1,2
ln5-167.png,1,2
ln5-168.png,1,2
ln5-169.png,1,2
ln5-170.png,1,2
ln5-171.png,1,1
ln5-172.png,1,1
ln5-173.png,1,1
ln5-174.png,1,1
ln5-175.png,1,1
ln5-176.png,1,1
ln7-209.png,2,1
ln7-210.png,2,1
ln7-211.png,2,2
ln7-212.png,2,2
ln7-213.png,2,1
ln7-214.png,2,1
ln7-215.png,1,1
ln7-216.png,1,1
ln7-217.png,1,1
ln7-218.png,1,1
ln7-219.png,1,1
ln7-220.png,1,1
ln7-221.png,1,1
ln7-222.png,1,1
ln7-223.png,1,1
ln7-224.png,1,1
ln7-225.png,1,2
ln7-226.png,1,2
ln7-227.png,1,1
ln7-228.png,1,1
ln8-229.png,3,3
ln8-230.png,3,3
ln8-231.png,2,3
ln8-232.png,2,3
ln8-233.png,3,3
ln8-234.png,3,3
ln8-235.png,3,3
ln8-236.png,3,3
ln8-237.png,3,3
ln8-238.png,3,3
ln8-239.png,3,3
ln8-240.png,2,2
ln8-241.png,2,3
ln8-242.png,3,3
ln8-243.png,3,3
ln8-244.png,3,3
ln8-245.png,3,3
ln8-246.png,1,3
ln8-247.png,1,3
ln8-248.png,1,3
ln8-249.png,1,3
ln8-250.png,1,3
ln8-251.png,1,3
ln8-252.png,3,3
ln8-253.png,3,3
ln8-254.png,3,3
ln8-255.png,3,3
ln8-256.png,3,3
ln10-277.png,3,3
ln10-278.png,3,3
ln10-279.png,3,3
ln10-280.png,3,3
ln10-281.png,3,2
ln10-282.png,2,3
ln10-283.png,2,3
ln10-284.png,1,3
ln10-285.png,2,3
ln10-286.png,2,3
ln10-287.png,3,3
ln10-288.png,3,3
ln10-289.png,3,3
ln10-290.png,3,3
ln10-291.png,3,3
ln10-292.png,3,3
ln10-293.png,3,3
ln10-294.png,3,3
ln10-295.png,3,3
ln10-296.png,3,3
ln12-320.png,2,1
ln12-321.png,2,1
ln12-322.png,2,1
ln12-323.png,2,1
ln12-324.png,2,1
ln12-325.png,2,1
ln12-326.png,2,1
ln12-327.png,2,1
ln12-328.png,2,1
ln12-329.png,2,1
ln12-330.png,2,1
ln12-331.png,1,1
ln12-332.png,2,1
ln12-333.png,2,2
ln12-334.png,2,1
ln12-335.png,2,1
ln12-336.png,2,1
ln12-337.png,1,1
ln12-338.png,2,1
ln12-339.png,2,1
ln12-340.png,1,1
ln12-341.png,1,1
ln12-342.png,1,1
ln12-343.png,1,1
ln13-344.png,1,1
ln13-345.png,1,1
ln13-346.png,1,1
ln13-347.png,2,2
ln13-348.png,1,1
ln13-349.png,2,2
ln13-350.png,2,2
ln13-351.png,2,2
ln13-352.png,2,2
ln13-353.png,1,1
ln13-354.png,1,1
ln13-355.png,2,1
ln13-356.png,2,1
ln13-357.png,2,1
ln13-358.png,2,1
ln13-359.png,2,1
ln13-360.png,2,2
ln13-361.png,2,1
ln13-362.png,2,2
ln13-363.png,2,2
ln13-364.png,1,2
ln13-365.png,2,2
ln13-366.png,2,2
ln13-367.png,2,2
ln14-368.png,2,2
ln14-369.png,2,2
ln14-370.png,2,2
ln14-371.png,2,2
ln14-372.png,2,2
ln14-373.png,3,3
ln14-374.png,2,2
ln14-375.png,2,3
ln14-376.png,2,3
ln14-377.png,2,2
ln14-378.png,2,2
ln14-379.png,2,2
ln14-380.png,2,3
ln14-381.png,2,3
ln14-382.png,2,3
ln14-383.png,2,3
ln14-384.png,2,3
ln14-385.png,2,3
ln14-386.png,2,3
ln14-387.png,2,3
ln14-388.png,2,3
ln14-389.png,2,3
ln14-390.png,2,3
ln14-391.png,2,3
ln14-392.png,2,3
ln14-393.png,2,2
ln14-394.png,2,2
ln14-395.png,2,2
ln14-396.png,2,3
ln14-397.png,2,3
ln14-398.png,2,3
ln14-399.png,2,3
ln15-400.png,1,1
ln15-401.png,1,1
ln15-402.png,1,1
ln15-403.png,1,1
ln15-404.png,1,1
ln15-405.png,1,1
ln15-406.png,1,1
ln15-407.png,1,2
ln15-408.png,1,2
ln15-409.png,1,2
ln15-410.png,1,2
ln15-411.png,1,2
ln15-412.png,1,2
ln15-413.png,2,2
ln15-414.png,2,2
ln15-415.png,1,1
ln15-416.png,1,1
ln15-417.png,1,1
ln15-418.png,2,2
ln15-419.png,2,2
ln16-420.png,2,2
ln16-421.png,2,2
ln16-422.png,2,1
ln16-423.png,2,2
ln16-424.png,2,2
ln16-425.png,2,2
ln16-426.png,2,2
ln16-427.png,2,2
ln16-428.png,2,2
ln16-429.png,2,2
ln16-430.png,2,2
ln16-431.png,2,2
ln16-432.png,2,2
ln16-433.png,2,2
ln16-434.png,2,2
ln16-435.png,2,2
ln17-436.png,1,1
ln17-437.png,1,1
ln17-438.png,1,1
ln17-439.png,1,1
ln17-440.png,1,1
ln17-441.png,1,1
ln17-442.png,1,1
ln17-443.png,1,1
ln17-444.png,1,1
ln17-445.png,1,1
ln17-446.png,1,1
ln17-447.png,1,1
ln17-448.png,1,1
ln17-449.png,1,1
ln17-450.png,1,1
ln17-451.png,1,1
ln17-452.png,1,1
ln17-453.png,1,1
ln17-454.png,1,1
ln17-455.png,1,1
ln17-456.png,1,1
ln17-457.png,1,1
ln17-458.png,1,1
ln17-459.png,1,1
ln17-460.png,1,1
ln17-461.png,1,1
ln17-462.png,1,1
ln17-463.png,1,1
ln17-464.png,1,1
ln17-465.png,2,1
ln17-466.png,1,1
ln17-467.png,1,1
ln18-468.png,2,1
ln18-469.png,1,1
ln18-470.png,1,1
ln18-471.png,1,1
ln18-472.png,2,2
ln18-473.png,2,2
ln18-474.png,2,2
ln18-475.png,1,1
ln18-476.png,2,1
ln18-477.png,2,2
ln18-478.png,2,2
ln18-479.png,2,1
ln18-480.png,2,1
ln18-481.png,2,1
ln18-482.png,2,1
ln18-483.png,2,1
ln18-484.png,2,1
ln18-485.png,2,1
ln18-486.png,2,1
ln18-487.png,2,1
ln18-488.png,2,1
ln18-489.png,2,1
ln18-490.png,2,1
ln18-491.png,2,1
ln19-492.png,1,1
ln19-493.png,2,2
ln19-494.png,1,2
ln19-495.png,1,2
ln19-496.png,1,2
ln19-497.png,1,1
ln19-498.png,1,1
ln19-499.png,2,1
ln19-500.png,2,1
ln19-501.png,2,1
ln19-502.png,1,1
ln19-503.png,1,1
ln19-504.png,1,1
ln19-505.png,1,1
ln19-506.png,1,2
ln19-507.png,1,1
ln19-508.png,1,1
ln19-509.png,1,1
ln19-510.png,1,1
ln19-511.png,1,1
ln19-512.png,1,1
ln19-513.png,1,1
ln19-514.png,1,1
ln19-515.png,1,1
ln20-516.png,1,1
ln20-517.png,1,1
ln20-518.png,1,1
ln20-519.png,2,1
ln20-520.png,2,1
ln20-521.png,2,2
ln20-522.png,2,1
ln20-523.png,1,1
ln20-524.png,2,1
ln20-525.png,2,1
ln20-526.png,2,1
ln20-527.png,2,1
ln20-528.png,2,1
ln20-529.png,2,1
ln20-530.png,2,1
ln20-531.png,2,2
ln20-532.png,1,2
ln20-533.png,2,2
ln20-534.png,2,2
ln20-535.png,2,2
ln20-536.png,2,2
ln21-537.png,1,2
ln21-538.png,1,2
ln21-539.png,1,2
ln21-540.png,1,2
ln21-541.png,1,2
ln21-542.png,2,2
ln21-543.png,2,2
ln21-544.png,1,2
ln21-545.png,1,2
ln21-546.png,1,1
ln21-547.png,1,2
ln21-548.png,1,2
ln21-549.png,1,2
ln21-550.png,1,1
ln21-551.png,2,2
ln21-552.png,2,2
ln21-553.png,2,2
ln21-554.png,2,2
ln21-555.png,2,2
ln21-556.png,2,2
ln21-557.png,2,2
ln21-558.png,2,2
ln21-559.png,2,2
ln21-560.png,2,2
ln21-561.png,2,2
ln21-562.png,2,2
ln21-563.png,2,2
ln21-564.png,1,1
ln21-565.png,1,1
ln21-566.png,2,1
ln21-567.png,2,1
ln21-568.png,2,1
ln22-569.png,2,2
ln22-570.png,2,2
ln22-571.png,2,2
ln22-572.png,2,2
ln22-573.png,2,2
ln22-574.png,2,2
ln22-575.png,2,2
ln22-576.png,2,2
ln22-577.png,1,2
ln22-578.png,1,2
ln22-579.png,1,1
ln22-580.png,1,1
ln22-581.png,1,1
ln22-582.png,1,1
ln22-583.png,1,1
ln22-584.png,1,1
ln22-585.png,1,1
ln22-586.png,1,1
ln22-587.png,1,1
ln22-588.png,2,2
ln22-589.png,1,1
ln22-590.png,1,1
ln22-591.png,1,1
ln22-592.png,1,1
ln23-593.png,1,1
ln23-594.png,1,1
ln23-595.png,1,1
ln23-596.png,1,1
ln23-597.png,2,1
ln23-598.png,2,1
ln23-599.png,1,1
ln23-600.png,1,1
ln23-601.png,1,1
ln23-602.png,1,1
ln23-603.png,1,1
ln23-604.png,1,1
ln23-605.png,2,1
ln23-606.png,1,1
ln23-607.png,1,1
ln23-608.png,1,1
ln23-609.png,1,2
ln23-610.png,1,1
ln23-611.png,1,2
ln23-612.png,1,2
ln23-613.png,1,2
ln23-614.png,1,1
ln23-615.png,2,2
ln23-616.png,2,2
ln23-617.png,1,2
ln23-618.png,1,1
ln23-619.png,2,1
ln23-620.png,2,1
ln23-621.png,2,1
ln23-622.png,2,1
ln24-623.png,4,4
ln24-624.png,4,4
ln24-625.png,4,4
ln24-626.png,4,4
ln24-627.png,4,4
ln24-628.png,4,4
ln24-629.png,4,4
ln24-630.png,4,4
ln24-631.png,4,4
ln24-632.png,4,4
ln24-633.png,4,4
ln24-634.png,4,4
ln24-635.png,4,4
ln24-636.png,4,4
ln24-637.png,4,4
ln24-638.png,4,4
ln24-639.png,4,4
ln24-640.png,4,4
ln24-641.png,4,4
ln24-642.png,4,4
ln24-643.png,4,4
ln24-644.png,4,4
ln24-645.png,4,4
ln24-646.png,4,4
ln24-647.png,4,4
ln24-648.png,4,4
ln24-649.png,4,4
ln25-650.png,1,1
ln25-651.png,1,1
ln25-652.png,1,1
ln25-653.png,2,1
ln25-654.png,2,1
ln25-655.png,2,1
ln25-656.png,2,1
ln25-657.png,2,2
ln25-658.png,2,2
ln25-659.png,2,2
ln25-660.png,2,2
ln25-661.png,2,2
ln25-662.png,2,2
ln25-663.png,2,2
ln25-664.png,2,2
ln25-665.png,2,2
ln25-666.png,2,2
ln25-667.png,2,2
ln25-668.png,2,2
ln25-669.png,2,2
ln25-670.png,2,2
ln25-671.png,2,2
ln25-672.png,1,2
ln25-673.png,1,2
ln26-674.png,2,2
ln26-675.png,2,2
ln26-676.png,2,2
ln26-677.png,2,1
ln26-678.png,2,1
ln26-679.png,2,2
ln26-680.png,1,1
ln26-681.png,1,1
ln26-682.png,1,1
ln26-683.png,1,1
ln26-684.png,1,1
ln26-685.png,1,1
ln26-686.png,1,1
ln26-687.png,1,1
ln26-688.png,1,1
ln26-689.png,1,1
ln26-690.png,1,1
ln26-691.png,1,1
ln26-692.png,1,1
ln26-693.png,1,1
ln26-694.png,1,1
ln26-695.png,1,1
ln26-696.png,1,1
ln26-697.png,1,1
ln27-698.png,1,1
ln27-699.png,1,2
ln27-700.png,1,2
ln27-701.png,1,1
ln27-702.png,1,1
ln27-703.png,1,2
ln27-704.png,1,2
ln27-705.png,1,1
ln27-706.png,1,1
ln27-707.png,1,1
ln27-708.png,1,1
ln27-709.png,1,1
ln27-710.png,2,1
ln27-711.png,1,1
ln27-712.png,1,1
ln27-713.png,1,1
ln27-714.png,1,1
ln27-715.png,1,1
ln27-716.png,1,1
ln27-717.png,1,1
ln27-718.png,1,1
ln27-719.png,1,1
ln27-720.png,2,2
ln28-0709.png,2,2
ln28-0710.png,2,2
ln28-0711.png,2,2
ln28-0712.png,2,2
ln28-0713.png,2,2
ln28-0714.png,2,2
ln28-0715.png,2,2
ln28-0716.png,2,2
ln28-0717.png,2,2
ln28-0718.png,2,2
ln28-0719.png,2,2
ln28-0720.png,2,2
ln28-0721.png,2,2
ln28-0722.png,2,2
ln28-0723.png,2,2
ln28-0724.png,2,2
ln28-0725.png,2,2
ln28-0726.png,2,2
ln28-0727.png,2,2
ln28-0728.png,2,2
ln28-0729.png,2,2
ln28-0730.png,2,2
ln28-0731.png,2,2
ln28-0732.png,2,2
ln28-0733.png,2,2
ln28-0734.png,2,2
ln28-0735.png,2,2
ln28-0736.png,2,2
ln28-0737.png,2,2
ln28-0738.png,2,2
ln28-0739.png,2,2
ln28-0740.png,2,2
ln28-0741.png,2,2
ln28-0742.png,2,2
ln30-746.png,3,2
ln30-747.png,3,2
ln30-748.png,4,2
ln30-749.png,3,2
ln30-750.png,3,2
ln30-751.png,4,2
ln30-752.png,4,2
ln30-753.png,4,3
ln30-754.png,4,3
ln30-755.png,4,4
ln30-756.png,4,4
ln30-757.png,4,4
ln30-758.png,4,4
ln30-759.png,4,4
ln30-760.png,4,4
ln30-761.png,4,4
ln30-762.png,4,4
ln30-763.png,4,4
ln30-764.png,4,4
ln30-765.png,4,4
ln30-766.png,4,4
ln30-767.png,4,4
ln30-768.png,4,4
ln30-769.png,4,4
ln31-770.png,1,4
ln31-771.png,1,3
ln31-772.png,1,4
ln31-773.png,1,4
ln31-774.png,1,4
ln31-775.png,1,4
ln31-776.png,1,4
ln31-777.png,1,4
ln31-778.png,1,4
ln31-779.png,1,4
ln31-780.png,1,4
ln31-781.png,1,4
ln31-782.png,2,4
ln31-783.png,1,4
ln31-784.png,2,4
ln31-785.png,2,4
ln31-786.png,2,4
ln31-787.png,2,4
ln31-788.png,2,4
ln31-789.png,2,4
ln31-790.png,2,4
ln31-791.png,2,4
ln31-792.png,2,4
ln31-793.png,2,4
ln31-794.png,2,4
ln31-795.png,2,4
ln31-796.png,2,4
ln31-797.png,2,4
ln32-798.png,1,1
ln32-799.png,1,1
ln32-800.png,1,1
ln32-801.png,1,1
ln32-802.png,1,1
ln32-803.png,1,1
ln32-804.png,1,1
ln32-805.png,1,1
ln32-806.png,1,1
ln32-807.png,1,1
ln32-808.png,1,1
ln32-809.png,1,1
ln32-810.png,1,1
ln32-811.png,1,1
ln32-812.png,1,1
ln32-813.png,1,1
ln32-814.png,1,1
ln32-815.png,1,1
ln32-816.png,1,1
ln32-817.png,1,1
ln32-818.png,1,1
ln32-819.png,1,1
ln32-820.png,1,1
ln32-821.png,1,1
ln32-822.png,1,1
ln32-823.png,1,1
ln32-824.png,2,2
ln32-825.png,2,2
ln32-826.png,2,1
ln32-827.png,2,1
ln32-828.png,2,2
ln33-830.png,1,1
ln33-831.png,1,1
ln33-832.png,1,1
ln33-833.png,1,1
ln33-834.png,1,1
ln33-835.png,2,1
ln33-836.png,2,1
ln33-837.png,1,1
ln33-838.png,1,1
ln33-839.png,1,1
ln33-840.png,1,1
ln33-841.png,1,1
ln33-842.png,1,1
ln33-843.png,1,1
ln33-844.png,1,1
ln33-845.png,1,2
ln33-846.png,1,2
ln33-847.png,1,1
ln33-848.png,1,1
ln33-849.png,1,2
ln33-850.png,1,2
ln33-851.png,1,2
ln33-852.png,1,2
ln33-853.png,1,2
ln33-854.png,1,2
ln33-855.png,1,2
ln33-856.png,2,2
ln33-857.png,2,2
ln35-890.png,1,1
ln35-891.png,1,1
ln35-892.png,1,1
ln35-893.png,1,1
ln35-894.png,1,1
ln35-895.png,1,1
ln35-896.png,1,1
ln35-897.png,2,2
ln35-898.png,2,2
ln35-899.png,1,2
ln35-900.png,1,1
ln35-901.png,1,1
ln35-902.png,1,1
ln35-903.png,1,1
ln35-904.png,1,1
ln35-905.png,1,1
ln35-906.png,1,1
ln35-907.png,1,1
ln35-908.png,1,1
ln35-909.png,1,1
ln35-910.png,1,1
ln35-911.png,1,2
ln35-912.png,1,2
ln35-913.png,1,2
ln35-914.png,1,2
ln35-915.png,1,2
ln35-916.png,1,2
ln35-917.png,1,2
ln36-918.png,2,2
ln36-919.png,2,2
ln36-920.png,2,2
ln36-921.png,2,2
ln36-922.png,2,2
ln36-923.png,2,2
ln36-924.png,2,2
ln36-925.png,2,2
ln36-926.png,2,2
ln36-927.png,2,2
ln36-928.png,2,2
ln36-929.png,2,2
ln36-930.png,2,2
ln36-931.png,2,2
ln36-932.png,2,2
ln36-933.png,2,2
ln36-934.png,2,2
ln36-935.png,2,2
ln36-936.png,2,2
ln36-937.png,2,2
ln36-938.png,2,2
ln36-939.png,2,2
ln36-940.png,2,2
ln36-941.png,2,2
ln36-942.png,2,2
ln36-943.png,2,2
ln37-944.png,1,1
ln37-945.png,1,1
ln37-946.png,1,1
ln37-947.png,1,1
ln37-948.png,1,1
ln37-949.png,1,1
ln37-950.png,1,1
ln37-951.png,1,1
ln37-952.png,1,1
ln37-953.png,1,1
ln37-954.png,1,1
ln37-955.png,1,1
ln37-956.png,1,1
ln37-957.png,1,1
ln37-958.png,1,1
ln37-959.png,1,1
ln37-960.png,1,1
ln37-961.png,1,1
ln37-962.png,1,1
ln37-963.png,1,1
ln37-964.png,1,1
ln37-965.png,1,1
ln37-966.png,1,1
ln37-967.png,1,1
ln37-968.png,1,1
ln37-969.png,1,1
ln37-970.png,1,1
ln37-971.png,1,1
ln38-972.png,1,1
ln38-973.png,1,1
ln38-974.png,2,1
ln38-975.png,2,1
ln38-976.png,2,1
ln38-977.png,2,2
ln38-978.png,2,2
ln38-979.png,2,2
ln38-980.png,2,2
ln38-981.png,2,2
ln38-982.png,2,2
ln38-983.png,2,2
ln38-984.png,2,2
ln38-985.png,2,2
ln38-986.png,2,2
ln38-987.png,2,2
ln38-988.png,2,2
ln38-989.png,2,2
ln38-990.png,2,2
ln38-991.png,2,2
ln38-992.png,2,2
ln38-993.png,2,2
ln38-994.png,2,2
ln38-995.png,2,2
ln38-996.png,2,2
ln38-997.png,2,2
ln38-998.png,2,2
ln38-999.png,2,2
ln39-1000.png,1,1
ln39-1001.png,1,1
ln39-1002.png,1,1
ln39-1003.png,1,1
ln39-1004.png,1,1
ln39-1005.png,1,1
ln39-1006.png,1,1
ln39-1007.png,1,1
ln39-1008.png,1,1
ln39-1009.png,1,1
ln39-1010.png,1,1
ln39-1011.png,1,1
ln39-1012.png,1,1
ln39-1013.png,1,1
ln39-1014.png,1,1
ln39-1015.png,1,1
ln39-1016.png,2,1
ln39-1017.png,2,1
ln39-1018.png,2,1
ln39-1019.png,2,1
ln39-1020.png,2,1
ln39-1021.png,1,1
ln39-1022.png,1,1
ln39-1023.png,1,2
ln41-1067.png,2,2
ln41-1068.png,2,2
ln41-1069.png,2,2
ln41-1070.png,2,2
ln41-1071.png,2,2
ln41-1072.png,2,2
ln41-1073.png,2,2
ln41-1074.png,2,2
ln41-1075.png,2,2
ln41-1076.png,2,2
ln41-1077.png,2,2
ln41-1078.png,2,2
ln41-1079.png,2,2
ln41-1080.png,2,2
ln41-1081.png,2,2
ln41-1082.png,2,2
ln41-1083.png,2,2
ln41-1084.png,2,2
ln41-1085.png,2,2
ln41-1086.png,2,2
ln41-1087.png,2,2
ln41-1088.png,2,2
ln41-1089.png,2,2
ln41-1090.png,2,2
ln41-1091.png,2,2
ln41-1092.png,2,2
ln41-1093.png,2,2
ln41-1094.png,2,2
ln41-1095.png,2,2
ln41-1096.png,2,2
ln41-1097.png,2,2
ln41-1098.png,2,2
ln42-1080.png,1,1
ln42-1081.png,1,1
ln42-1082.png,1,1
ln42-1083.png,1,1
ln42-1084.png,1,2
ln42-1085.png,1,1
ln42-1086.png,1,2
ln42-1087.png,1,2
ln42-1088.png,1,2
ln42-1089.png,1,2
ln42-1090.png,1,1
ln42-1091.png,1,1
ln42-1092.png,1,1
ln42-1093.png,1,1
ln42-1094.png,1,1
ln42-1095.png,1,1
ln42-1096.png,1,1
ln42-1097.png,1,1
ln42-1098.png,1,1
ln42-1099.png,1,1
ln42-1100.png,1,1
ln42-1101.png,1,1
ln42-1102.png,1,1
ln43-1103.png,2,2
ln43-1104.png,2,2
ln43-1105.png,2,2
ln43-1106.png,2,2
ln43-1107.png,2,2
ln43-1108.png,2,2
ln43-1109.png,2,2
ln43-1110.png,2,2
ln43-1111.png,2,2
ln43-1112.png,2,2
ln43-1113.png,2,2
ln43-1114.png,2,2
ln43-1115.png,2,2
ln43-1116.png,2,2
ln43-1117.png,2,2
ln43-1118.png,2,2
ln43-1119.png,2,2
ln43-1120.png,2,2
ln43-1121.png,2,2
ln43-1122.png,2,2
ln43-1123.png,2,2
ln43-1124.png,2,2
ln43-1125.png,2,2
ln43-1126.png,2,2
ln43-1127.png,2,2
ln43-1128.png,2,2
ln43-1129.png,2,2
ln43-1130.png,2,2
ln43-1131.png,2,2
ln43-1132.png,2,2
ln43-1133.png,2,2
ln43-1134.png,2,2
ln44-1135.png,2,2
ln44-1136.png,2,2
ln44-1137.png,2,2
ln44-1138.png,2,2
ln44-1139.png,2,2
ln44-1140.png,2,2
ln44-1141.png,2,2
ln44-1142.png,2,2
ln44-1143.png,2,2
ln44-1144.png,2,2
ln44-1145.png,2,2
ln44-1146.png,2,2
ln44-1147.png,2,2
ln44-1148.png,2,2
ln44-1149.png,2,1
ln44-1150.png,2,1
ln44-1151.png,2,1
ln44-1152.png,2,1
ln44-1153.png,2,1
ln44-1154.png,2,1
ln44-1155.png,1,1
ln44-1156.png,1,1
ln44-1157.png,1,1
ln44-1158.png,1,1
ln44-1159.png,1,1
ln44-1160.png,1,1
ln44-1161.png,1,1
ln44-1162.png,1,1
ln44-1163.png,1,1
ln44-1164.png,1,1
ln44-1165.png,1,1
ln44-1166.png,1,1
ln45-1167.png,1,1
ln45-1168.png,1,1
ln45-1169.png,1,1
ln45-1170.png,1,1
ln45-1171.png,1,1
ln45-1172.png,1,1
ln45-1173.png,1,1
ln45-1174.png,1,1
ln45-1175.png,1,1
ln45-1176.png,1,1
ln45-1177.png,1,1
ln45-1178.png,1,1
ln45-1179.png,1,1
ln45-1180.png,1,1
ln45-1181.png,1,1
ln45-1182.png,1,1
ln45-1183.png,1,1
ln45-1184.png,1,1
ln45-1185.png,1,1
ln45-1186.png,1,1
ln45-1187.png,1,1
ln45-1188.png,1,1
ln45-1189.png,1,1
ln45-1190.png,1,1
ln45-1191.png,1,1
ln45-1192.png,1,1
ln45-1193.png,1,1
ln45-1194.png,1,1
ln45-1195.png,1,1
ln45-1196.png,1,1
ln45-1197.png,1,1
ln45-1198.png,1,1
ln46-1199.png,1,1
ln46-1200.png,1,1
ln46-1201.png,1,1
ln46-1202.png,1,1
ln46-1203.png,1,1
ln46-1204.png,1,1
ln46-1205.png,1,1
ln46-1206.png,1,1
ln46-1207.png,1,1
ln46-1208.png,1,1
ln46-1209.png,1,1
ln46-1210.png,1,1
ln46-1211.png,1,1
ln46-1212.png,1,1
ln46-1213.png,1,1
ln46-1214.png,1,1
ln46-1215.png,1,1
ln46-1216.png,1,1
ln46-1217.png,1,1
ln46-1218.png,1,1
ln46-1219.png,1,1
ln46-1220.png,1,1
ln46-1221.png,1,1
ln46-1222.png,1,1
ln46-1223.png,1,1
ln46-1224.png,1,1
ln46-1225.png,1,1
ln46-1226.png,1,1
ln46-1227.png,1,1
ln46-1228.png,1,1
ln46-1229.png,1,1
ln46-1230.png,1,1
ln47-1231.png,1,1
ln47-1232.png,1,1
ln47-1233.png,1,1
ln47-1234.png,1,1
ln47-1235.png,1,1
ln47-1236.png,1,1
ln47-1237.png,1,1
ln47-1238.png,1,1
ln47-1239.png,1,1
ln47-1240.png,1,1
ln47-1241.png,1,1
ln47-1242.png,1,1
ln47-1243.png,1,1
ln47-1244.png,1,1
ln47-1245.png,1,1
ln47-1246.png,1,1
ln47-1247.png,1,1
ln47-1248.png,1,1
ln47-1249.png,1,1
ln47-1250.png,1,1
ln47-1251.png,1,1
ln47-1252.png,1,1
ln47-1253.png,1,1
ln47-1254.png,1,1
ln47-1255.png,1,1
ln47-1256.png,1,1
ln47-1257.png,1,2
ln47-1258.png,1,2
ln47-1259.png,2,2
ln47-1260.png,2,2
ln47-1261.png,1,2
ln47-1262.png,1,2
ln49-1291.png,1,1
ln49-1292.png,1,1
ln49-1293.png,1,1
ln49-1294.png,1,1
ln49-1295.png,1,1
ln49-1296.png,1,1
ln49-1297.png,1,1
ln49-1298.png,1,1
ln49-1299.png,1,1
ln49-1300.png,1,1
ln49-1301.png,1,1
ln49-1302.png,1,1
ln49-1303.png,1,1
ln49-1304.png,1,1
ln49-1305.png,1,1
ln49-1306.png,1,1
ln49-1307.png,1,1
ln49-1308.png,1,1
ln49-1309.png,1,1
ln49-1310.png,1,1
ln49-1311.png,1,1
ln49-1312.png,1,1
ln49-1313.png,2,2
ln49-1314.png,2,2
ln49-1315.png,2,2
ln49-1316.png,2,2
ln49-1317.png,2,2
ln49-1318.png,2,2
ln49-1319.png,2,2
ln49-1320.png,2,2
ln49-1321.png,2,2
ln49-1322.png,2,2
ln52-1371.png,1,1
ln52-1372.png,1,1
ln52-1373.png,1,1
ln52-1374.png,1,1
ln52-1375.png,1,1
ln52-1376.png,1,1
ln52-1377.png,1,1
ln52-1378.png,1,1
ln52-1379.png,1,1
ln52-1380.png,1,1
ln52-1381.png,1,1
ln52-1382.png,1,1
ln52-1383.png,1,1
ln52-1384.png,1,1
ln52-1385.png,2,1
ln52-1386.png,2,1
ln52-1387.png,2,1
ln52-1388.png,2,1
ln52-1389.png,1,1
ln52-1390.png,1,1
ln52-1391.png,1,1
ln52-1392.png,1,1
ln52-1393.png,1,1
ln52-1394.png,1,1
ln52-1395.png,1,1
ln52-1396.png,1,1
ln52-1397.png,1,1
ln52-1398.png,1,1
ln52-1399.png,1,1
ln52-1400.png,1,1
ln52-1401.png,1,1
ln52-1402.png,1,1
ln53-1403.png,1,1
ln53-1404.png,2,2
ln53-1405.png,2,2
ln53-1406.png,2,2
ln53-1407.png,2,2
ln53-1408.png,2,1
ln53-1409.png,2,1
ln53-1410.png,2,1
ln53-1411.png,2,1
ln53-1412.png,2,1
ln53-1413.png,2,1
ln53-1414.png,2,1
ln53-1415.png,2,1
ln53-1416.png,2,1
ln53-1417.png,2,1
ln53-1418.png,2,1
ln53-1419.png,1,1
ln53-1420.png,1,1
ln53-1421.png,1,1
ln53-1422.png,1,1
ln53-1423.png,1,1
ln53-1424.png,2,2
ln53-1425.png,2,2
ln53-1426.png,2,2
ln53-1427.png,2,2
ln53-1428.png,2,2
ln53-1429.png,2,2
ln53-1430.png,2,2
ln53-1431.png,2,2
ln53-1432.png,2,2
ln54-1433.png,2,2
ln54-1434.png,2,2
ln54-1435.png,2,2
ln54-1436.png,2,2
ln54-1437.png,2,2
ln54-1438.png,2,2
ln54-1439.png,2,2
ln54-1440.png,2,2
ln54-1441.png,2,2
ln54-1442.png,2,2
ln54-1443.png,2,2
ln54-1444.png,2,2
ln54-1445.png,2,2
ln54-1446.png,2,2
ln54-1447.png,2,2
ln54-1448.png,2,2
ln54-1449.png,2,2
ln54-1450.png,2,2
ln54-1451.png,2,2
ln54-1452.png,2,2
ln54-1453.png,2,2
ln54-1454.png,2,2
ln54-1455.png,2,2
ln54-1456.png,2,2
ln54-1457.png,2,2
ln54-1458.png,2,2
ln54-1459.png,2,2
ln54-1460.png,2,2
ln54-1461.png,2,2
ln54-1462.png,2,2
ln54-1463.png,2,2
ln54-1464.png,2,2
ln55-1465.png,1,1
ln55-1466.png,1,1
ln55-1467.png,1,1
ln55-1468.png,1,1
ln55-1469.png,1,1
ln55-1470.png,1,1
ln55-1471.png,1,1
ln55-1472.png,1,1
ln55-1473.png,1,1
ln55-1474.png,1,1
ln55-1475.png,1,1
ln55-1476.png,1,1
ln55-1477.png,1,1
ln55-1478.png,1,1
ln55-1479.png,1,1
ln55-1480.png,1,1
ln55-1481.png,1,1
ln55-1482.png,1,1
ln55-1483.png,1,1
ln55-1484.png,1,1
ln55-1485.png,1,1
ln55-1486.png,1,1
ln55-1487.png,1,1
ln55-1488.png,1,1
ln55-1489.png,1,1
ln55-1490.png,1,1
ln55-1491.png,1,1
ln55-1492.png,1,1
ln55-1493.png,1,1
ln55-1494.png,1,1
ln55-1495.png,1,1
ln55-1496.png,2,1
ln56-1521.png,2,2
ln56-1522.png,2,2
ln56-1523.png,2,2
ln56-1524.png,2,2
ln56-1525.png,2,2
ln56-1526.png,2,2
ln56-1527.png,2,2
ln56-1528.png,2,2
ln56-1529.png,2,2
ln56-1530.png,2,2
ln56-1531.png,2,2
ln56-1532.png,2,2
ln56-1533.png,2,2
ln56-1534.png,2,2
ln56-1535.png,2,2
ln56-1536.png,2,2
ln56-1537.png,2,2
ln56-1538.png,2,2
ln56-1539.png,2,2
ln56-1540.png,2,2
ln56-1541.png,2,2
ln56-1542.png,2,2
ln56-1543.png,2,2
ln56-1544.png,2,2
ln56-1545.png,2,2
ln56-1546.png,2,2
ln56-1547.png,2,2
ln56-1548.png,2,2
ln56-1549.png,2,2
ln56-1550.png,2,2
ln56-1551.png,2,2
ln56-1552.png,2,2
ln57-1553.png,2,2
ln57-1554.png,2,2
ln57-1555.png,2,2
ln57-1556.png,2,2
ln57-1557.png,2,2
ln57-1558.png,2,2
ln57-1559.png,2,2
ln57-1560.png,2,2
ln57-1561.png,2,2
ln57-1562.png,2,2
ln57-1563.png,2,2
ln57-1564.png,2,2
ln57-1565.png,2,2
ln57-1566.png,2,2
ln57-1567.png,2,2
ln57-1568.png,2,2
ln57-1569.png,2,2
ln57-1570.png,2,2
ln57-1571.png,2,2
ln57-1572.png,2,2
ln57-1573.png,2,2
ln57-1574.png,2,2
ln57-1575.png,2,2
ln57-1576.png,2,2
ln57-1577.png,2,2
ln57-1578.png,2,2
ln57-1579.png,2,2
ln57-1580.png,2,2
ln57-1581.png,2,2
ln57-1582.png,2,2
ln57-1583.png,2,2
ln57-1584.png,2,2
ln58-1585.png,1,1
ln58-1586.png,1,1
ln58-1587.png,1,1
ln58-1588.png,1,1
ln58-1589.png,1,1
ln58-1590.png,1,1
ln58-1591.png,1,1
ln58-1592.png,1,1
ln58-1593.png,1,1
ln58-1594.png,1,1
ln58-1595.png,1,1
ln58-1596.png,1,1
ln58-1597.png,1,1
ln58-1598.png,1,1
ln58-1599.png,1,1
ln58-1600.png,1,1
ln58-1601.png,1,1
ln58-1602.png,1,1
ln58-1603.png,1,1
ln58-1604.png,1,1
ln58-1605.png,1,1
ln58-1606.png,1,1
ln58-1607.png,1,1
ln58-1608.png,1,1
ln58-1609.png,1,1
ln58-1610.png,1,1
ln58-1611.png,1,1
ln58-1612.png,1,1
ln59-1613.png,1,1
ln59-1614.png,1,1
ln59-1615.png,2,2
ln59-1616.png,2,1
ln59-1617.png,2,1
ln59-1618.png,1,1
ln59-1619.png,1,1
ln59-1620.png,1,1
ln59-1621.png,1,1
ln59-1622.png,1,1
ln59-1623.png,1,1
ln59-1624.png,1,1
ln59-1625.png,1,1
ln59-1626.png,1,1
ln59-1627.png,1,1
ln59-1628.png,1,1
ln59-1629.png,1,2
ln59-1630.png,1,2
ln59-1631.png,1,2
ln59-1632.png,1,2
ln61-1665.png,1,1
ln61-1666.png,1,1
ln61-1667.png,1,1
ln61-1668.png,1,1
ln61-1669.png,1,1
ln61-1670.png,1,1
ln61-1671.png,1,1
ln61-1672.png,1,1
ln61-1673.png,1,1
ln61-1674.png,1,1
ln61-1675.png,1,1
ln61-1676.png,1,1
ln61-1677.png,1,1
ln61-1678.png,1,1
ln61-1679.png,1,1
ln61-1680.png,1,1
ln61-1681.png,1,1
ln61-1682.png,2,2
ln61-1683.png,2,2
ln61-1684.png,2,2
ln61-1685.png,2,2
ln61-1686.png,2,2
ln61-1687.png,2,2
ln61-1688.png,2,2
ln62-1689.png,2,2
ln62-1690.png,2,2
ln62-1691.png,2,2
ln62-1692.png,2,1
ln62-1693.png,2,2
ln62-1694.png,2,2
ln62-1695.png,2,2
ln62-1696.png,1,1
ln62-1697.png,1,1
ln62-1698.png,1,1
ln62-1699.png,1,2
ln62-1700.png,1,2
ln62-1701.png,1,2
ln62-1702.png,1,2
ln62-1703.png,1,2
ln62-1704.png,1,2
ln62-1705.png,1,1
ln62-1706.png,1,1
ln62-1707.png,1,1
ln62-1708.png,1,1
ln62-1709.png,1,1
ln62-1710.png,1,1
ln62-1711.png,1,1
ln62-1712.png,1,1
ln62-1713.png,1,1
ln62-1714.png,1,1
ln62-1715.png,1,1
ln62-1716.png,1,1
ln62-1717.png,1,1
ln62-1718.png,1,1
ln62-1719.png,1,1
ln62-1720.png,1,1
ln63-1721.png,2,2
ln63-1722.png,2,2
ln63-1723.png,2,2
ln63-1724.png,2,2
ln63-1725.png,2,2
ln63-1726.png,2,2
ln63-1727.png,2,2
ln63-1728.png,2,2
ln63-1729.png,2,2
ln63-1730.png,2,2
ln63-1731.png,2,2
ln63-1732.png,2,2
ln63-1733.png,2,2
ln63-1734.png,2,2
ln63-1735.png,2,2
ln63-1736.png,2,2
ln63-1737.png,2,2
ln63-1738.png,2,2
ln63-1739.png,2,2
ln63-1740.png,2,2
ln63-1741.png,2,2
ln63-1742.png,2,2
ln63-1743.png,2,2
ln63-1744.png,2,2
ln63-1745.png,2,2
ln63-1746.png,2,2
ln63-1747.png,2,2
ln63-1748.png,2,2
ln63-1749.png,2,2
ln63-1750.png,2,2
ln63-1751.png,2,2
ln63-1752.png,2,2
ln64-1753.png,2,2
ln64-1754.png,2,2
ln64-1755.png,2,2
ln64-1756.png,2,2
ln64-1757.png,2,2
ln64-1758.png,2,2
ln64-1759.png,2,2
ln64-1760.png,2,2
ln64-1761.png,2,2
ln64-1762.png,2,2
ln64-1763.png,2,2
ln64-1764.png,2,2
ln64-1765.png,1,2
ln64-1766.png,1,2
ln64-1767.png,1,2
ln64-1768.png,1,1
ln64-1769.png,1,1
ln64-1770.png,1,1
ln64-1771.png,1,1
ln64-1772.png,1,1
ln64-1773.png,1,1
ln64-1774.png,2,1
ln64-1775.png,1,1
ln64-1776.png,1,1
ln64-1777.png,2,1
ln64-1778.png,1,1
ln64-1779.png,1,1
ln64-1780.png,1,1
ln64-1781.png,2,1
ln64-1782.png,2,1
ln64-1783.png,2,1
ln64-1784.png,2,1
ln66-1848.png,2,2
ln66-1849.png,2,2
ln66-1850.png,2,2
ln66-1851.png,2,2
ln66-1852.png,2,2
ln66-1853.png,2,2
ln66-1854.png,2,2
ln66-1855.png,2,2
ln66-1856.png,2,2
ln66-1857.png,2,2
ln66-1858.png,2,2
ln66-1859.png,2,2
ln66-1860.png,2,2
ln66-1861.png,2,2
ln66-1862.png,2,2
ln66-1863.png,2,2
ln66-1864.png,2,2
ln66-1865.png,2,2
ln66-1866.png,2,2
ln66-1867.png,2,2
ln66-1868.png,2,2
ln66-1869.png,2,2
ln66-1870.png,2,2
ln66-1871.png,2,2
ln66-1872.png,2,2
ln66-1873.png,2,2
ln66-1874.png,2,2
ln66-1875.png,2,2
ln66-1876.png,2,2
ln66-1877.png,2,2
ln66-1878.png,2,2
ln66-1879.png,2,2
ln67-1880.png,1,1
ln67-1881.png,1,1
ln67-1882.png,1,1
ln67-1883.png,1,1
ln67-1884.png,1,1
ln67-1885.png,2,2
ln67-1886.png,2,2
ln67-1887.png,2,2
ln67-1888.png,2,2
ln67-1889.png,2,2
ln67-1890.png,2,2
ln67-1891.png,2,2
ln67-1892.png,2,2
ln67-1893.png,2,2
ln67-1894.png,2,2
ln67-1895.png,2,2
ln67-1896.png,2,2
ln67-1897.png,2,2
ln67-1898.png,2,2
ln67-1899.png,2,2
ln67-1900.png,2,2
ln67-1901.png,2,2
ln67-1902.png,2,2
ln67-1903.png,2,2
ln67-1904.png,2,2
ln67-1905.png,2,2
ln67-1906.png,2,2
ln67-1907.png,2,2
ln67-1908.png,2,2
ln67-1909.png,2,2
ln67-1910.png,2,2
ln68-1912.png,1,1
ln68-1913.png,2,1
ln68-1914.png,2,1
ln68-1915.png,2,1
ln68-1916.png,2,1
ln68-1917.png,2,1
ln68-1918.png,1,1
ln68-1919.png,1,1
ln68-1920.png,1,1
ln68-1921.png,1,1
ln68-1922.png,1,1
ln68-1923.png,1,1
ln68-1924.png,2,2
ln68-1925.png,1,1
ln68-1926.png,2,1
ln68-1927.png,1,1
ln68-1928.png,1,1
ln68-1929.png,1,1
ln68-1930.png,1,1
ln68-1931.png,1,1
ln68-1932.png,1,1
ln69-1933.png,1,1
ln69-1934.png,1,1
ln69-1935.png,1,1
ln69-1936.png,1,1
ln69-1937.png,1,1
ln69-1938.png,1,1
ln69-1939.png,1,1
ln69-1940.png,1,1
ln69-1941.png,1,1
ln69-1942.png,1,1
ln69-1943.png,1,1
ln69-1944.png,1,1
ln69-1945.png,1,1
ln69-1946.png,1,1
ln69-1947.png,1,1
ln69-1948.png,1,1
ln69-1949.png,1,1
ln69-1950.png,1,1
ln69-1951.png,1,1
ln69-1952.png,1,1
ln69-1953.png,2,1
ln69-1954.png,2,1
ln69-1955.png,2,1
ln69-1956.png,2,1
ln69-1957.png,2,1
ln69-1958.png,2,1
ln69-1959.png,2,1
ln69-1960.png,2,1
ln69-1961.png,2,1
ln69-1962.png,2,2
ln69-1963.png,2,2
ln69-1964.png,2,2
ln70-1965.png,2,1
ln70-1966.png,2,1
ln70-1967.png,2,1
ln70-1968.png,2,2
ln70-1969.png,2,1
ln70-1970.png,2,2
ln70-1971.png,2,1
ln70-1972.png,1,1
ln70-1973.png,2,1
ln70-1974.png,2,1
ln70-1975.png,2,1
ln70-1976.png,1,1
ln70-1977.png,1,1
ln70-1978.png,1,1
ln70-1979.png,2,1
ln70-1980.png,2,1
ln70-1981.png,2,1
ln70-1982.png,1,2
ln70-1983.png,2,1
ln70-1984.png,2,1
ln70-1985.png,2,2
ln70-1986.png,2,2
ln70-1987.png,2,2
ln70-1988.png,2,1
ln70-1989.png,2,1
ln70-1990.png,2,2
ln70-1991.png,2,2
ln70-1992.png,2,2
ln70-1993.png,2,2
ln71-1994.png,1,1
ln71-1995.png,1,1
ln71-1996.png,1,1
ln71-1997.png,1,1
ln71-1998.png,1,1
ln71-1999.png,1,1
ln71-2000.png,1,1
ln71-2001.png,1,1
ln71-2002.png,1,1
ln71-2003.png,1,1
ln71-2004.png,1,1
ln71-2005.png,1,1
ln71-2006.png,1,1
ln71-2007.png,1,1
ln71-2008.png,1,1
ln71-2009.png,1,1
ln71-2010.png,1,1
ln71-2011.png,1,1
ln71-2012.png,1,1
ln71-2013.png,1,1
ln71-2014.png,1,1
ln71-2015.png,1,1
ln71-2016.png,1,1
ln71-2017.png,1,1
ln71-2018.png,1,1
ln71-2019.png,1,1
ln71-2020.png,1,1
ln71-2021.png,1,1
ln71-2022.png,1,1
ln71-2023.png,1,1
ln71-2024.png,1,1
ln71-2025.png,1,1
ln72-2026.png,2,2
ln72-2027.png,2,2
ln72-2028.png,2,2
ln72-2029.png,2,2
ln72-2030.png,2,2
ln72-2031.png,2,2
ln72-2032.png,2,2
ln72-2033.png,2,2
ln72-2034.png,2,2
ln72-2035.png,2,2
ln72-2036.png,2,2
ln72-2037.png,2,2
ln72-2038.png,2,2
ln72-2039.png,2,2
ln72-2040.png,2,2
ln72-2041.png,2,2
ln72-2042.png,2,1
ln72-2043.png,1,1
ln72-2044.png,1,1
ln72-2045.png,1,1
ln72-2046.png,2,2
ln72-2047.png,1,1
ln72-2048.png,1,1
ln72-2049.png,1,1
ln72-2050.png,1,1
ln72-2051.png,1,1
ln72-2052.png,1,1
ln72-2053.png,1,1
ln72-2054.png,1,1
ln72-2055.png,1,1
ln72-2056.png,1,1
ln72-2057.png,1,1
ln73-2058.png,1,1
ln73-2059.png,1,1
ln73-2060.png,1,1
ln73-2061.png,2,2
ln73-2062.png,2,2
ln73-2063.png,2,2
ln73-2064.png,2,2
ln73-2065.png,2,2
ln73-2066.png,2,2
ln73-2067.png,2,2
ln73-2068.png,2,2
ln73-2069.png,2,2
ln73-2070.png,2,2
ln73-2071.png,2,2
ln73-2072.png,2,2
ln73-2073.png,2,2
ln73-2074.png,2,2
ln73-2075.png,2,2
ln73-2076.png,2,2
ln73-2077.png,2,2
ln73-2078.png,2,2
ln73-2079.png,2,2
ln73-2080.png,2,2
ln73-2081.png,2,2
ln73-2082.png,2,2
ln73-2083.png,2,2
ln73-2084.png,2,2
ln73-2085.png,2,2
ln73-2086.png,2,2
ln73-2087.png,2,2
ln73-2088.png,2,2
ln73-2089.png,2,2
ln75-2122.png,2,2
ln75-2123.png,2,2
ln75-2124.png,2,2
ln75-2125.png,2,2
ln75-2126.png,2,2
ln75-2127.png,2,2
ln75-2128.png,2,2
ln75-2129.png,2,2
ln75-2130.png,2,2
ln75-2131.png,2,2
ln75-2132.png,2,2
ln75-2133.png,2,2
ln75-2134.png,2,2
ln75-2135.png,2,2
ln75-2136.png,2,2
ln75-2137.png,2,2
ln75-2138.png,2,2
ln75-2139.png,2,2
ln75-2140.png,2,2
ln75-2141.png,2,2
ln75-2142.png,2,2
ln75-2143.png,2,2
ln75-2144.png,2,2
ln75-2145.png,2,2
ln75-2146.png,2,2
ln75-2147.png,2,2
ln75-2148.png,2,2
ln75-2149.png,2,2
ln75-2150.png,2,2
ln75-2151.png,2,2
ln75-2152.png,2,2
ln75-2153.png,2,2
ln78-2204.png,4,4
ln78-2205.png,4,4
ln78-2206.png,4,4
ln78-2207.png,4,4
ln78-2208.png,4,4
ln78-2209.png,4,4
ln78-2210.png,4,4
ln78-2211.png,4,4
ln78-2212.png,4,4
ln78-2213.png,4,4
ln78-2214.png,4,4
ln78-2215.png,4,4
ln78-2216.png,4,4
ln78-2217.png,4,4
ln78-2218.png,4,4
ln78-2219.png,4,4
ln78-2220.png,4,4
ln78-2221.png,4,4
ln78-2222.png,4,4
ln78-2223.png,4,4
ln78-2224.png,4,4
ln78-2225.png,4,4
ln78-2226.png,4,4
ln78-2227.png,4,4
ln78-2228.png,4,4
ln78-2229.png,4,4
ln78-2230.png,4,4
ln78-2231.png,4,4
ln78-2232.png,4,4
ln78-2233.png,4,4
ln79-2234.png,3,3
ln79-2235.png,2,3
ln79-2236.png,3,3
ln79-2237.png,3,3
ln79-2238.png,3,3
ln79-2239.png,3,3
ln79-2240.png,3,3
ln79-2241.png,3,3
ln79-2242.png,3,3
ln79-2243.png,3,3
ln79-2244.png,3,3
ln79-2245.png,3,3
ln79-2246.png,3,3
ln79-2247.png,3,3
ln79-2248.png,3,3
ln79-2249.png,3,3
ln79-2250.png,3,3
ln79-2251.png,3,3
ln79-2252.png,3,3
ln79-2253.png,3,3
ln80-2254.png,4,4
ln80-2255.png,4,4
ln80-2256.png,4,4
ln80-2257.png,4,4
ln80-2258.png,4,4
ln80-2259.png,4,4
ln80-2260.png,4,4
ln80-2261.png,4,4
ln80-2262.png,4,4
ln80-2263.png,4,4
ln80-2264.png,4,4
ln80-2265.png,4,4
ln80-2266.png,4,4
ln80-2267.png,4,4
ln80-2268.png,4,4
ln80-2269.png,4,4
ln80-2270.png,4,4
ln80-2271.png,4,4
ln80-2272.png,4,4
ln80-2273.png,4,4
ln80-2274.png,4,4
ln80-2275.png,4,4
ln80-2276.png,4,4
ln80-2277.png,4,4
ln80-2278.png,4,4
ln80-2279.png,4,4
ln80-2280.png,4,4
ln80-2281.png,4,4
ln81-2282.png,3,3
ln81-2283.png,3,3
ln81-2284.png,3,3
ln81-2285.png,3,3
ln81-2286.png,3,3
ln81-2287.png,3,3
ln81-2288.png,3,3
ln81-2289.png,3,3
ln81-2290.png,3,3
ln81-2291.png,3,3
ln81-2292.png,3,3
ln81-2293.png,3,3
ln81-2294.png,3,3
ln81-2295.png,2,3
ln81-2296.png,2,3
ln81-2297.png,2,3
ln81-2298.png,2,3
ln81-2299.png,3,3
ln81-2300.png,3,3
ln81-2301.png,3,3
ln81-2302.png,3,3
ln81-2303.png,3,3
ln81-2304.png,3,3
ln81-2305.png,2,3
ln82-2306.png,3,3
ln82-2307.png,3,3
ln82-2308.png,3,3
ln82-2309.png,3,3
ln82-2310.png,3,3
ln82-2311.png,3,3
ln82-2312.png,3,3
ln82-2313.png,3,3
ln82-2314.png,3,3
ln82-2315.png,3,3
ln82-2316.png,3,3
ln82-2317.png,3,3
ln82-2318.png,2,3
ln82-2319.png,3,3
ln82-2320.png,3,3
ln82-2321.png,3,3
ln82-2322.png,3,3
ln82-2323.png,3,3
ln82-2324.png,3,3
ln82-2325.png,3,3
ln82-2326.png,3,3
ln82-2327.png,3,3
ln82-2328.png,3,3
ln82-2329.png,3,3
ln83-2330.png,1,1
ln83-2331.png,2,1
ln83-2332.png,1,2
ln83-2333.png,2,2
ln83-2334.png,2,2
ln83-2335.png,1,2
ln83-2336.png,1,1
ln83-2337.png,1,1
ln83-2338.png,1,1
ln83-2339.png,2,1
ln83-2340.png,2,1
ln83-2341.png,2,1
ln83-2342.png,2,1
ln83-2343.png,2,1
ln83-2344.png,3,1
ln83-2345.png,3,3
ln83-2346.png,3,3
ln83-2347.png,3,3
ln83-2348.png,3,3
ln83-2349.png,3,3
ln83-2350.png,3,3
ln83-2351.png,3,3
ln83-2352.png,3,3
ln84-2353.png,1,1
ln84-2354.png,1,1
ln84-2355.png,1,1
ln84-2356.png,1,1
ln84-2357.png,2,1
ln84-2358.png,2,1
ln84-2359.png,2,1
ln84-2360.png,2,1
ln84-2361.png,2,1
ln84-2362.png,2,1
ln84-2363.png,1,1
ln84-2364.png,1,1
ln84-2365.png,1,1
ln84-2366.png,1,1
ln84-2367.png,1,2
ln84-2368.png,1,2
ln84-2369.png,2,2
ln84-2370.png,2,2
ln84-2371.png,2,2
ln84-2372.png,2,2
ln84-2373.png,2,2
ln84-2374.png,2,3
ln84-2375.png,3,3
ln84-2376.png,3,2
ln85-2377.png,4,4
ln85-2378.png,4,4
ln85-2379.png,4,4
ln85-2380.png,4,4
ln85-2381.png,4,4
ln85-2382.png,4,4
ln85-2383.png,4,4
ln85-2384.png,4,4
ln85-2385.png,4,4
ln85-2386.png,4,4
ln85-2387.png,4,4
ln85-2388.png,4,4
ln85-2389.png,4,4
ln85-2390.png,4,4
ln85-2391.png,4,4
ln85-2392.png,4,4
ln85-2393.png,4,4
ln85-2394.png,4,4
ln85-2395.png,4,4
ln85-2396.png,4,4
ln85-2397.png,4,4
ln85-2398.png,4,4
ln85-2399.png,4,4
ln85-2400.png,4,4
ln85-2401.png,4,4
ln85-2402.png,4,4
ln85-2403.png,4,4
ln85-2404.png,4,4
ln85-2405.png,4,4
ln85-2406.png,4,4
ln85-2407.png,4,4
ln85-2408.png,4,4
ln87-2436.png,1,1
ln87-2437.png,1,1
ln87-2438.png,1,1
ln87-2439.png,1,1
ln87-2440.png,1,1
ln87-2441.png,1,1
ln87-2442.png,1,1
ln87-2443.png,1,1
ln87-2444.png,1,1
ln87-2445.png,1,1
ln87-2446.png,1,1
ln87-2447.png,1,1
ln87-2448.png,1,1
ln87-2449.png,1,1
ln87-2450.png,1,1
ln87-2451.png,1,1
ln87-2452.png,1,1
ln87-2453.png,2,1
ln87-2454.png,2,2
ln87-2455.png,2,1
ln87-2456.png,2,1
ln87-2457.png,2,1
ln87-2458.png,3,1
ln87-2459.png,3,2
ln87-2460.png,3,2
ln87-2461.png,3,2
ln87-2462.png,3,2
ln87-2463.png,3,2
ln89-2500.png,3,3
ln89-2501.png,3,3
ln89-2502.png,3,3
ln89-2503.png,3,3
ln89-2504.png,3,3
ln89-2505.png,3,3
ln89-2506.png,3,3
ln89-2507.png,3,3
ln89-2508.png,3,3
ln89-2509.png,3,3
ln89-2510.png,3,3
ln89-2511.png,3,3
ln89-2512.png,3,3
ln89-2513.png,3,3
ln89-2514.png,3,3
ln89-2515.png,3,3
ln89-2516.png,3,3
ln89-2517.png,3,3
ln89-2518.png,3,3
ln89-2519.png,3,3
ln89-2520.png,3,3
ln89-2521.png,3,3
ln89-2522.png,3,3
ln89-2523.png,3,3
ln91-2547.png,1,1
ln91-2548.png,1,1
ln91-2549.png,1,1
ln91-2550.png,1,1
ln91-2551.png,1,1
ln91-2552.png,1,1
ln91-2553.png,1,1
ln91-2554.png,2,1
ln91-2555.png,2,1
ln91-2556.png,2,1
ln91-2557.png,2,2
ln91-2558.png,2,2
ln91-2559.png,2,2
ln91-2560.png,2,2
ln91-2561.png,3,2
ln91-2562.png,3,2
ln91-2563.png,3,2
ln91-2564.png,3,2
ln91-2565.png,3,2
ln91-2566.png,3,2
ln92-2567.png,4,4
ln92-2568.png,4,4
ln92-2569.png,4,4
ln92-2570.png,4,4
ln92-2571.png,4,4
ln92-2572.png,4,4
ln92-2573.png,4,4
ln92-2574.png,4,4
ln92-2575.png,4,4
ln92-2576.png,4,4
ln92-2577.png,4,4
ln92-2578.png,4,4
ln92-2579.png,4,4
ln92-2580.png,4,4
ln92-2581.png,4,4
ln92-2582.png,4,4
ln92-2583.png,4,4
ln92-2584.png,4,4
ln92-2585.png,4,4
ln92-2586.png,4,4
ln92-2587.png,4,4
ln92-2588.png,4,4
ln92-2589.png,4,4
ln92-2590.png,4,4
ln93-2591.png,4,4
ln93-2592.png,4,4
ln93-2593.png,4,4
ln93-2594.png,4,4
ln93-2595.png,4,4
ln93-2596.png,4,4
ln93-2597.png,4,4
ln93-2598.png,4,4
ln93-2599.png,4,4
ln93-2600.png,4,4
ln93-2601.png,4,4
ln93-2602.png,4,4
ln93-2603.png,4,4
ln93-2604.png,4,4
ln93-2605.png,4,4
ln93-2606.png,4,4
ln93-2607.png,4,4
ln93-2608.png,4,4
ln93-2609.png,4,4
ln93-2610.png,4,4
ln93-2611.png,4,4
ln93-2612.png,4,4
ln93-2613.png,4,4
ln93-2614.png,4,4
ln93-2615.png,4,4
ln93-2616.png,4,4
ln93-2617.png,4,4
ln94-2618.png,4,4
ln94-2619.png,4,4
ln94-2620.png,4,4
ln94-2621.png,4,4
ln94-2622.png,4,4
ln94-2623.png,4,4
ln94-2624.png,4,4
ln94-2625.png,4,4
ln94-2626.png,4,4
ln94-2627.png,4,4
ln94-2628.png,4,4
ln94-2629.png,4,4
ln94-2630.png,4,4
ln94-2631.png,4,4
ln94-2632.png,4,4
ln94-2633.png,4,4
ln94-2634.png,4,4
ln94-2635.png,4,4
ln94-2636.png,4,4
ln94-2637.png,4,4
ln94-2638.png,4,4
ln94-2639.png,4,4
ln94-2640.png,4,4
ln94-2641.png,4,4
ln95-2642.png,4,4
ln95-2643.png,4,4
ln95-2644.png,4,4
ln95-2645.png,4,4
ln95-2646.png,4,4
ln95-2647.png,4,4
ln95-2648.png,4,4
ln95-2649.png,4,4
ln95-2650.png,4,4
ln95-2651.png,4,4
ln95-2652.png,4,4
ln95-2653.png,4,4
ln95-2654.png,4,4
ln95-2655.png,4,4
ln95-2656.png,4,4
ln95-2657.png,4,4
ln95-2658.png,4,4
ln95-2659.png,4,4
ln95-2660.png,4,4
ln95-2661.png,4,4
ln95-2662.png,4,4
ln95-2663.png,4,4
ln95-2664.png,4,4
ln95-2665.png,4,4
ln95-2666.png,4,4
ln95-2667.png,4,4
ln95-2668.png,4,4
ln95-2669.png,4,4
ln95-2670.png,4,4
ln95-2671.png,4,4
ln96-2672.png,4,4
ln96-2673.png,4,4
ln96-2674.png,4,4
ln96-2675.png,4,4
ln96-2676.png,4,4
ln96-2677.png,4,4
ln96-2678.png,4,4
ln96-2679.png,4,4
ln96-2680.png,4,4
ln96-2681.png,4,4
ln96-2682.png,4,4
ln96-2683.png,4,4
ln96-2684.png,4,4
ln96-2685.png,4,4
ln96-2686.png,4,4
ln96-2687.png,4,4
ln96-2688.png,4,4
ln96-2689.png,4,4
ln96-2690.png,4,4
ln96-2691.png,4,4
ln96-2692.png,4,4
ln96-2693.png,4,4
ln96-2694.png,4,4
ln96-2695.png,4,4
ln96-2696.png,4,4
ln96-2697.png,4,4
ln96-2698.png,4,4
ln96-2699.png,4,4
ln97-2700.png,4,4
ln97-2701.png,4,4
ln97-2702.png,4,4
ln97-2703.png,4,4
ln97-2704.png,4,4
ln97-2705.png,4,4
ln97-2706.png,4,4
ln97-2707.png,4,4
ln97-2708.png,4,4
ln97-2709.png,4,4
ln97-2710.png,4,4
ln97-2711.png,4,4
ln97-2712.png,4,4
ln97-2713.png,4,4
ln97-2714.png,4,4
ln97-2715.png,4,4
ln97-2716.png,4,4
ln97-2717.png,4,4
ln97-2718.png,4,4
ln97-2719.png,4,4
ln97-2720.png,4,4
ln97-2721.png,4,4
ln97-2722.png,4,4
ln97-2723.png,4,4
ln97-2724.png,4,4
ln97-2725.png,4,4
ln97-2726.png,4,4
ln97-2727.png,4,4
ln98-2728.png,0,0
ln98-2729.png,0,0
ln98-2730.png,0,0
ln98-2731.png,0,0
ln98-2732.png,0,0
ln98-2733.png,0,0
ln98-2734.png,0,0
ln98-2735.png,0,0
ln98-2736.png,0,0
ln98-2737.png,0,0
ln98-2738.png,0,0
ln98-2739.png,0,0
ln98-2740.png,0,0
ln98-2741.png,0,0
ln98-2742.png,0,0
ln98-2743.png,0,0
ln98-2744.png,0,0
ln98-2745.png,0,0
ln98-2746.png,0,0
ln98-2747.png,0,0
ln98-2748.png,0,0
ln98-2749.png,0,0
ln98-2750.png,0,0
ln98-2751.png,0,0
ln98-2752.png,0,0
ln98-2753.png,0,0
ln98-2754.png,0,0
ln98-2755.png,0,0
ln98-2756.png,0,0
ln98-2757.png,0,0
ln98-2758.png,0,0
ln98-2759.png,0,0
ln99-2760.png,0,0
ln99-2761.png,0,0
ln99-2762.png,0,0
ln99-2763.png,0,0
ln99-2764.png,0,0
ln99-2765.png,0,0
ln99-2766.png,0,0
ln99-2767.png,0,0
ln99-2768.png,0,0
ln99-2769.png,0,0
ln99-2770.png,0,0
ln99-2771.png,0,0
ln99-2772.png,0,0
ln99-2773.png,0,0
ln99-2774.png,0,0
ln99-2775.png,0,0
ln99-2776.png,0,0
ln99-2777.png,0,0
ln99-2778.png,0,0
ln99-2779.png,0,0
ln99-2780.png,0,0
ln99-2781.png,0,0
ln99-2782.png,0,0
ln99-2783.png,0,0
ln100-2784.png,0,0
ln100-2785.png,0,0
ln100-2786.png,0,0
ln100-2787.png,0,0
ln100-2788.png,0,0
ln100-2789.png,0,0
ln100-2790.png,0,0
ln100-2791.png,0,0
ln100-2792.png,0,0
ln100-2793.png,0,0
ln100-2794.png,0,0
ln100-2795.png,0,0
ln100-2796.png,0,0
ln100-2797.png,0,0
ln100-2798.png,0,0
ln100-2799.png,0,0
ln100-2800.png,0,0
ln100-2801.png,0,0
ln100-2802.png,0,0
ln100-2803.png,0,0
ln100-2804.png,0,0
ln100-2805.png,0,0
ln100-2806.png,0,0
ln100-2807.png,0,0
ln100-2808.png,0,0
ln100-2809.png,0,0
ln100-2810.png,0,0
ln100-2811.png,0,0
ln100-2812.png,0,0
ln100-2813.png,0,0
ln100-2814.png,0,0
ln100-2815.png,0,0
ln100-2816.png,0,0
ln100-2817.png,0,0
ln100-2818.png,0,0
ln100-2819.png,0,0
ln100-2820.png,0,0
ln100-2821.png,0,0
ln100-2822.png,0,0
ln100-2823.png,0,0
ln101-2824.png,0,0
ln101-2825.png,0,0
ln101-2826.png,0,0
ln101-2827.png,0,0
ln101-2828.png,0,0
ln101-2829.png,0,0
ln101-2830.png,0,0
ln101-2831.png,0,0
ln101-2832.png,0,0
ln101-2833.png,0,0
ln101-2834.png,0,0
ln101-2835.png,0,0
ln101-2836.png,0,0
ln101-2837.png,0,0
ln101-2838.png,0,0
ln101-2839.png,0,0
ln101-2840.png,0,0
ln101-2841.png,0,0
ln101-2842.png,0,0
ln101-2843.png,0,0
ln101-2844.png,0,0
ln101-2845.png,0,0
ln101-2846.png,0,0
ln101-2847.png,0,0
ln103-2871.png,0,0
ln103-2872.png,0,0
ln103-2873.png,0,0
ln103-2874.png,0,0
ln103-2875.png,0,0
ln103-2876.png,0,0
ln103-2877.png,0,0
ln103-2878.png,0,0
ln103-2879.png,0,0
ln103-2880.png,0,0
ln103-2881.png,0,0
ln103-2882.png,0,0
ln103-2883.png,0,0
ln103-2884.png,0,0
ln103-2885.png,0,0
ln103-2886.png,0,0
ln103-2887.png,0,0
ln103-2888.png,0,0
ln103-2889.png,0,0
ln103-2890.png,0,0
ln103-2891.png,0,0
ln103-2892.png,0,0
ln103-2893.png,0,0
ln103-2894.png,0,0
ln103-2895.png,0,0
ln103-2896.png,0,0
ln103-2897.png,0,0
ln103-2898.png,0,0
ln103-2899.png,0,0
ln103-2900.png,0,0
ln103-2901.png,0,0
ln103-2902.png,0,0
ln104-2903.png,0,0
ln104-2904.png,0,0
ln104-2905.png,0,0
ln104-2906.png,0,0
ln104-2907.png,0,0
ln104-2908.png,0,0
ln104-2909.png,0,0
ln104-2910.png,0,0
ln104-2911.png,0,0
ln104-2912.png,0,0
ln104-2913.png,0,0
ln104-2914.png,0,0
ln104-2915.png,0,0
ln104-2916.png,0,0
ln104-2917.png,0,0
ln104-2918.png,0,0
ln104-2919.png,0,0
ln104-2920.png,0,0
ln104-2921.png,0,0
ln104-2922.png,0,0
ln104-2923.png,0,0
ln104-2924.png,0,0
ln104-2925.png,0,0
ln104-2926.png,0,0
ln104-2927.png,0,0
ln104-2928.png,0,0
ln104-2929.png,0,0
ln104-2930.png,0,0
ln104-2931.png,0,0
ln104-2932.png,0,0
ln104-2933.png,0,0
ln106-2963.png,0,0
ln106-2964.png,0,0
ln106-2965.png,0,0
ln106-2966.png,0,0
ln106-2967.png,0,0
ln106-2968.png,0,0
ln106-2969.png,0,0
ln106-2970.png,0,0
ln106-2971.png,0,0
ln106-2972.png,0,0
ln106-2973.png,0,0
ln106-2974.png,0,0
ln106-2975.png,0,0
ln106-2976.png,0,0
ln106-2977.png,0,0
ln106-2978.png,0,0
ln106-2979.png,0,0
ln106-2980.png,0,0
ln106-2981.png,0,0
ln106-2982.png,0,0
ln106-2983.png,0,0
ln106-2984.png,0,0
ln106-2985.png,0,0
ln106-2986.png,0,0
ln106-2987.png,0,0
ln106-2988.png,0,0
ln106-2989.png,0,0
ln106-2990.png,0,0
